"es","cl","home","<div><img src=\"images/stories/frontpage-chile.jpg\" border=\"0\" alt=\"MedTechTrade\" style=\"border: 0pt none;\" /></div>\
<div class=\"contentheading\" style=\"margin-bottom:10px;\"><br />Bienvenido a MedTechTrade Chile</div>\
<p>MedTechTrade es su especialista suizo en la compra y venta a nivel mundial de equipamiento médico usado y reacondicionado.</p>\
<p> </p>\
<h3>Equipos medicos suizos a su alcanze</h3>\
<p><strong><img src=\"images/stories/flag_CH.png\" border=\"0\" alt=\"flag ch\" style=\"border: 0pt none;\" /> MedTechTrade</strong> es una empresa suiza, dedicada a la venta de de equipamento medico reacondicionado de marcas líderes en el mercado mundial.</p>\
<p><strong><img src=\"images/stories/flag_CH.png\" border=\"0\" alt=\"flag ch\" style=\"border: 0pt none;\" /> </strong><strong>MedTechTrade</strong> contribuye con equipamiento médico proveniente de Suiza, Alemania y Austria que responde a las exigencias de nuestros clientes, aplicando especial cuidado para que distintos parámetros como calidad, confiabilidad, precisión, flexibilidad y ahorro en costos de mantención, se cumplan.</p>\
<p> </p>\
<h2><strong>Nuestras top-3 ofertas destacadas: </strong></h2>\
<p> </p>\
<table border=\"0\">\
<tbody>\
<tr>\
<td><img src=\"media/pics/287a.jpg\" border=\"0\" alt=\"Microscopio Zeiss\" width=\"76\" height=\"100\" />..</td>\
<td><strong>Fabricante</strong>: Zeiss<br /><strong>Modelo</strong>: Standard 14<br /><strong>Descripción</strong>: Microscopio Zeiss<br /><a href=\"es/microscopios/156/microscop/287\">Link...</a></td>\
</tr>\
<tr>\
<td></td>\
<td>.</td>\
</tr>\
<tr>\
<td><img src=\"media/pics/179a.jpg\" border=\"0\" alt=\"Monitor de pacientes\" width=\"77\" height=\"100\" />..</td>\
<td><strong>Fabricante</strong>: Marquette<br /><strong>Modelo</strong>: Solar 8000/Tram250sl <br /><strong>Descripción</strong>: Equipo de monitoreo de pacientes<br /><a href=\"es/equipos-de-monitoreo/159/critical-care-monitoring/179\">Link...</a></td>\
</tr>\
<tr>\
<td></td>\
<td>.</td>\
</tr>\
<tr>\
<td><img src=\"media/pics/228c.jpg\" border=\"0\" alt=\"Set cirugia de oido\" width=\"53\" height=\"100\" />..</td>\
<td><strong>Fabricante</strong>: Karl Storz<br /><strong>Descripción</strong>: Instrumetal Quirúrgico para cirugía de oido<br /><a href=\"es/instrumental-quirurgico/158/ear-surgery-set/228\">Link...</a></td>\
</tr>\
<tr>\
<td></td>\
<td><br /><strong> </strong></td>\
</tr>\
</tbody>\
</table>","1"
"es","cl","about","<p><span class=\"contentheading\">Sobre nosotros</span></p>\
<p>MedTechTrade es una empresa internacional con origen en Suiza y se dedica a la compra y venta de equipos medicos nuevos y reacondicionados.</p>\
<p>Nosotros nos especializamos en encontrar los equipos médicos que usted necesitan de alta calida a precios accesibles. Nuestro objetivo es facilitar la acquisión de equipos medicos a travéz de nuestra plataforma. Ofrecemos una plataforma de compra y venta única, donde se puede comparar entre los modelos y fabricantes más reconocidos para ahorar tiempo y dinero.</p>\
<p>Para asegurarnos de la satisfacción de nuestros clientes, nosotros seguimos el estándar más alto de calidad y empleamos solo profesionales altamente calificados y entrenados para reacondicionar cada equipo de acuerdo con las especificaciones originales del fabricante.<br /><strong><br />Todos nuestros equipos son acompañados de una garantía.</strong></p>\
<p><strong><br /></strong></p>\
<h3>Nuestro Equipo</h3>\
<table border=\"0\">\
<tbody>\
<tr>\
<td style=\"width: 260px; padding-top: 10px;\">\
<p><img src=\"images/stories/cl-roland.jpg\" border=\"0\" width=\"90\" height=\"110\" style=\"float: left; border: 0pt none; margin-right:5px;\" /><strong>Roland Suttner</strong><br />Gerente General<br />Chile<br /><br /></p>\
</td>\
<td style=\"width: 260px; padding-top: 10px;\"><img src=\"images/stories/cl-darwin.jpg\" border=\"0\" width=\"90\" height=\"110\" style=\"float: left; border: 0pt none; margin-right:5px;\" /><strong>Darwin Lagos Veloso</strong><br />Ventas y Servicio Técnico<br />Chile<br /></td>\
</tr>\
<tr>\
<td style=\"padding-top: 10px;\"><img src=\"images/stories/cl-rosanna.jpg\" border=\"0\" width=\"90\" height=\"110\" style=\"float: left; border: 0pt none; margin-right:5px;\" /><strong>Rossana Díaz</strong><br />Logistica y Administración<br />Chile<br /></td>\
<td style=\"padding-top: 10px;\">\
<p> </p>\
</td>\
</tr>\
</tbody>\
</table>\
<p> </p>\
<hr />\
<p> </p>\
<table border=\"0\">\
<tbody>\
<tr>\
<td style=\"width: 260px; padding-top: 10px;\"><img src=\"images/stories/ch-thomas.jpg\" border=\"0\" width=\"90\" height=\"110\" style=\"float: left; margin-right: 5px; border: 0pt none;\" /><strong>Thomas Zaugg</strong><br />Gerente General<br />Suiza<br /><br /></td>\
<td style=\"width: 260px; padding-top: 10px;\"><img src=\"images/stories/ch-erika.jpg\" border=\"0\" width=\"90\" height=\"110\" style=\"float: left; margin-right: 5px; border: 0pt none;\" /><strong>Erika Günther</strong><br />Logistica y Administración<br />Suiza<br /></td>\
</tr>\
<tr>\
<td style=\"padding-top: 10px;\"><img src=\"images/stories/ch-margareta.jpg\" border=\"0\" width=\"90\" height=\"110\" style=\"float: left; margin-right: 5px; border: 0pt none;\" /><strong>Margareta Deszynski</strong><br />Ventas y Marketing<br />Suiza<br /></td>\
<td style=\"padding-top: 10px;\">\
<p> </p>\
</td>\
</tr>\
</tbody>\
</table>","1"
"es","pe","home","<div><img src=\"images/stories/frontpage-peru.png\" border=\"0\" alt=\"MedTechTrade\" style=\"border: 0pt none;\" /></div>\
<div class=\"contentheading\" style=\"margin-bottom:10px;\"><br />Bienvenido a MedTechTrade Perú</div>\
<p>MedTechTrade es su especialista suizo en la compra y venta a nivel mundial de equipamiento médico usado y reacondicionado.</p>\
<p> </p>\
<h3>Equipos medicos suizos a su alcanze</h3>\
<p><strong><img src=\"images/stories/flag_CH.png\" border=\"0\" alt=\"flag ch\" style=\"border: 0pt none;\" /> MedTechTrade</strong> es una empresa suiza, dedicada a la venta de de equipamento medico reacondicionado de marcas líderes en el mercado mundial.</p>\
<p><strong><img src=\"images/stories/flag_CH.png\" border=\"0\" alt=\"flag ch\" style=\"border: 0pt none;\" /> </strong><strong>MedTechTrade</strong> contribuye con equipamiento médico proveniente de Suiza, Alemania y Austria que responde a las exigencias de nuestros clientes, aplicando especial cuidado para que distintos parámetros como calidad, confiabilidad, precisión, flexibilidad y ahorro en costos de mantención, se cumplan.</p>\
<p> </p>\
<h2><strong>Nuestras top-3 ofertas destacadas: </strong></h2>\
<p> </p>\
<table border=\"0\">\
<tbody>\
<tr>\
<td><img src=\"media/pics/287a.jpg\" border=\"0\" alt=\"Microscopio Zeiss\" width=\"76\" height=\"100\" />..</td>\
<td><strong>Fabricante</strong>: Zeiss<br /><strong>Modelo</strong>: Standard 14<br /><strong>Descripción</strong>: Microscopio Zeiss<br /><a href=\"es/microscopios/156/microscop/287\">Link...</a></td>\
</tr>\
<tr>\
<td></td>\
<td>.</td>\
</tr>\
<tr>\
<td><img src=\"media/pics/179a.jpg\" border=\"0\" alt=\"Monitor de pacientes\" width=\"77\" height=\"100\" />..</td>\
<td><strong>Fabricante</strong>: Marquette<br /><strong>Modelo</strong>: Solar 8000/Tram250sl <br /><strong>Descripción</strong>: Equipo de monitoreo de pacientes<br /><a href=\"es/equipos-de-monitoreo/159/critical-care-monitoring/179\">Link...</a></td>\
</tr>\
<tr>\
<td></td>\
<td>.</td>\
</tr>\
<tr>\
<td><img src=\"media/pics/228c.jpg\" border=\"0\" alt=\"Set cirugia de oido\" width=\"53\" height=\"100\" />..</td>\
<td><strong>Fabricante</strong>: Karl Storz<br /><strong>Descripción</strong>: Instrumetal Quirúrgico para cirugía de oido<br /><a href=\"es/instrumental-quirurgico/158/ear-surgery-set/228\">Link...</a></td>\
</tr>\
<tr>\
<td></td>\
<td><br /><strong> </strong></td>\
</tr>\
</tbody>\
</table>","1"
"es","pe","about","<p><span class=\"contentheading\">Sobre nosotros</span></p>\
<p>MedTechTrade es una empresa internacional con origen en Suiza y se dedica a la compra y venta de equipos medicos nuevos y reacondicionados.</p>\
<p>Nosotros nos especializamos en encontrar los equipos médicos que usted necesitan de alta calida a precios accesibles. Nuestro objetivo es facilitar la acquisión de equipos medicos a travéz de nuestra plataforma. Ofrecemos una plataforma de compra y venta única, donde se puede comparar entre los modelos y fabricantes más reconocidos para ahorar tiempo y dinero.</p>\
<p>Para asegurarnos de la satisfacción de nuestros clientes, nosotros seguimos el estándar más alto de calidad y empleamos solo profesionales altamente calificados y entrenados para reacondicionar cada equipo de acuerdo con las especificaciones originales del fabricante.<br /><strong><br />Todos nuestros equipos son acompañados de una garantía.</strong></p>\
<p><strong><br /></strong></p>\
<h3>Nuestro Equipo</h3>\
<table border=\"0\">\
<tbody>\
<tr>\
<td style=\"width: 260px; padding-top: 10px;\">\
<p><img src=\"images/stories/cl-roland.jpg\" border=\"0\" width=\"90\" height=\"110\" style=\"float: left; border: 0pt none; margin-right:5px;\" /><strong>Roland Suttner</strong><br />Gerente General<br />Chile<br /><br /></p>\
</td>\
<td style=\"width: 260px; padding-top: 10px;\"><img src=\"images/stories/cl-darwin.jpg\" border=\"0\" width=\"90\" height=\"110\" style=\"float: left; border: 0pt none; margin-right:5px;\" /><strong>Darwin Lagos Veloso</strong><br />Ventas y Servicio Técnico<br />Chile<br /></td>\
</tr>\
<tr>\
<td style=\"padding-top: 10px;\"><img src=\"images/stories/cl-rosanna.jpg\" border=\"0\" width=\"90\" height=\"110\" style=\"float: left; border: 0pt none; margin-right:5px;\" /><strong>Rossana Díaz</strong><br />Logistica y Administración<br />Chile<br /></td>\
<td style=\"padding-top: 10px;\">\
<p> </p>\
</td>\
</tr>\
</tbody>\
</table>\
<p> </p>\
<hr />\
<p> </p>\
<table border=\"0\">\
<tbody>\
<tr>\
<td style=\"width: 260px; padding-top: 10px;\"><img src=\"images/stories/ch-thomas.jpg\" border=\"0\" width=\"90\" height=\"110\" style=\"float: left; margin-right: 5px; border: 0pt none;\" /><strong>Thomas Zaugg</strong><br />Gerente General<br />Suiza<br /><br /></td>\
<td style=\"width: 260px; padding-top: 10px;\"><img src=\"images/stories/ch-erika.jpg\" border=\"0\" width=\"90\" height=\"110\" style=\"float: left; margin-right: 5px; border: 0pt none;\" /><strong>Erika Günther</strong><br />Logistica y Administración<br />Suiza<br /></td>\
</tr>\
<tr>\
<td style=\"padding-top: 10px;\"><img src=\"images/stories/ch-margareta.jpg\" border=\"0\" width=\"90\" height=\"110\" style=\"float: left; margin-right: 5px; border: 0pt none;\" /><strong>Margareta Deszynski</strong><br />Ventas y Marketing<br />Suiza<br /></td>\
<td style=\"padding-top: 10px;\">\
<p> </p>\
</td>\
</tr>\
</tbody>\
</table>","1"
"de","ch","home","<div><img src=\"images/stories/frontpage-image.jpg\" border=\"0\" alt=\"MedTechTrade\" /></div>\
<div class=\"contentheading\" style=\"margin-bottom:10px;\"><br />Willkommen</div>\
<p><strong>MedTechTrade</strong> ist eine weltweite Handelsorganisation von medizinischen Geräten für Firmen und Organisationen. Unser Ziel ist es den Handel von medizinischen Geräten zu ermöglichen und zu beschleunigen.</p>\
<p><strong>Bitte wählen Sie Ihr Interessengebiet:</strong></p>\
<p><a href=\"index.php?option=com_content&amp;view=article&amp;id=68&amp;Itemid=56&amp;lang=de\"><img src=\"images/stories/bot1.png\" border=\"0\" alt=\"Medizintechnik verkaufen\" width=\"251\" height=\"102\" /></a><a href=\"index.php?option=com_adsmanager&amp;page=front&amp;Itemid=170&amp;lang=de\"><img src=\"images/stories/bot2.png\" border=\"0\" alt=\"Medizintechnik verkaufen\" width=\"251\" height=\"102\" style=\"border: 0pt none; margin-left:18px;\" /></a></p>\
<p> </p>\
<p> </p>\
<hr />\
<p> </p>\
<h2><strong>Die aktuellen 3 Top-Angebote:</strong></h2>\
<table border=\"0\">\
<tbody>\
<tr>\
<td><img src=\"media/pics/235a.jpg\" border=\"0\" alt=\"Freezer\" width=\"73\" height=\"100\" /></td>\
<td><strong><span style=\"font-size: 10pt; line-height: 115%; font-family: \">Hersteller: </span></strong><span style=\"font-size: 10pt; line-height: 115%; font-family: \">Thermo Scientific<strong><br /> </strong></span><strong><span style=\"font-size: 10pt; line-height: 115%; font-family: \">Modell: </span></strong><span style=\"font-size: 10pt; line-height: 115%; font-family: \">ULT2586-10-V</span><strong><span style=\"font-size: 10pt; line-height: 115%; font-family: \"><br /> </span></strong><strong><span style=\"font-size: 10pt; line-height: 115%; font-family: \">Beschreibung:</span></strong><span style=\"font-size: 10pt; line-height: 115%; font-family: \"> Ultra-Low Temperature Upright Freezers, Volumen 691l, Temperature range: from -50°C until -86°C<br /><a href=\"en/coolers-and-freezers/164/ultra-low-temperature-upright-freezers/236\">Link...</a></span></td>\
</tr>\
<tr>\
<td></td>\
<td>.</td>\
</tr>\
<tr>\
<td><img src=\"media/pics/179a.jpg\" border=\"0\" alt=\"Solar 8000\" width=\"77\" height=\"100\" /></td>\
<td><strong><span style=\"font-size: 10pt; line-height: 115%; font-family: \">Hersteller: Marquette</span></strong><span style=\"font-size: 10pt; line-height: 115%; font-family: \"><strong><br /> </strong></span><strong><span style=\"font-size: 10pt; line-height: 115%; font-family: \">Modell: </span></strong><span style=\"font-size: 10pt; line-height: 115%; font-family: \">Solar 8000/Tram 250sl</span><strong><span style=\"font-size: 10pt; line-height: 115%; font-family: \"><br /> </span></strong><strong><span style=\"font-size: 10pt; line-height: 115%; font-family: \">Beschreibung:</span></strong><span style=\"font-size: 10pt; line-height: 115%; font-family: \"> Patient Monitors<br /><a href=\"en/monitoring-devices/159/critical-care-monitoring/179\">Link...</a></span></td>\
</tr>\
<tr>\
<td></td>\
<td>.</td>\
</tr>\
<tr>\
<td><img src=\"media/pics/229a.jpg\" border=\"0\" alt=\"Stapedektomie Set\" width=\"75\" height=\"100\" style=\"border: 0px none currentColor;\" /></td>\
<td><strong><span style=\"font-size: 10pt; line-height: 115%; font-family: \">Hersteller: </span></strong><span style=\"font-size: 10pt; line-height: 115%; font-family: \">Karl Storz</span><strong><span style=\"font-size: 10pt; line-height: 115%; font-family: \"><br /> </span></strong><strong><span style=\"font-size: 10pt; line-height: 115%; font-family: \">Beschreibung:</span></strong><span style=\"font-size: 10pt; line-height: 115%; font-family: \"> Chirurgie Stapedektomie Set</span> <br /><a href=\"en/chirurgical-devices/158/surgery-stapedectomie-set-karl-storz/229\"><span style=\"font-size: 10pt; line-height: 115%; font-family: \">Link...</span></a></td>\
</tr>\
<tr>\
<td></td>\
<td><strong><span style=\"font-size: 10pt; line-height: 115%; font-family: \"><br /></span></strong></td>\
</tr>\
</tbody>\
</table>","1"
"de","ch","about","<p><span class=\"contentheading\">Über uns</span></p>\
<p>MedTechTrade ist eine Schweizer Firma, welche erneuerte Geräte aus zweiter Hand von führenden Medizintechnikherstellern weltweit anbietet.</p>\
<p>Wir liefern medizinische Geräte aus der Schweiz, Deutschland, Österreich und anderen europäischen Ländern ganz auf die Bedürfnisse unserer Kunden zugeschnitten.</p>\
<p>Wir legen besonderen Wert auf Qualität, Zuverlässigkeit, Flexibilität und können Ihnen Kosteneinsparung bei der Anschaffung von Geräten sowie beim technischen Service bieten.</p>\
<p>Unsere Kunden sind Krankenhäuser, Labore und medizinische Forschungseinrichtungen. Wir sind direkt für Sie da in der Schweiz, Polen, Peru und Chile.</p>\
<p><strong>Bei Interesse kontaktieren Sie uns noch heut.</strong></p>\
<p><strong><br /></strong></p>\
<h3>Unser Team</h3>\
<table border=\"0\">\
<tbody>\
<tr>\
<td style=\"width: 260px; padding-top: 10px;\"><img src=\"images/stories/ch-thomas.jpg\" border=\"0\" width=\"90\" height=\"110\" style=\"float: left; margin-right: 5px; border: 0pt none;\" /><strong>Thomas Zaugg</strong><br />General Manager<br />Schweiz<br /><br /></td>\
<td style=\"width: 260px; padding-top: 10px;\"><img src=\"images/stories/ch-erika.jpg\" border=\"0\" width=\"90\" height=\"110\" style=\"float: left; margin-right: 5px; border: 0pt none;\" /><strong>Erika Günther</strong><br />Backoffice &amp; Customer Support<br />Schweiz<br /></td>\
</tr>\
<tr>\
<td style=\"padding-top: 10px;\"><img src=\"images/stories/ch-margareta.jpg\" border=\"0\" width=\"90\" height=\"110\" style=\"float: left; margin-right: 5px; border: 0pt none;\" /><strong>Margareta Deszynski</strong><br /><span lang=\"EN-GB\">Sales Support</span><br />Schweiz<br /></td>\
<td style=\"padding-top: 10px;\">\
<p> </p>\
</td>\
</tr>\
</tbody>\
</table>\
<p> </p>\
<hr />\
<p> </p>\
<table border=\"0\">\
<tbody>\
<tr>\
<td style=\"width: 260px; padding-top: 10px;\">\
<p><img src=\"images/stories/cl-roland.jpg\" border=\"0\" width=\"90\" height=\"110\" style=\"float: left; border: 0pt none; margin-right:5px;\" /><strong>Roland Suttner</strong><br />General Manager<br />Chile<br /><br /></p>\
</td>\
<td style=\"width: 260px; padding-top: 10px;\"><img src=\"images/stories/cl-darwin.jpg\" border=\"0\" width=\"90\" height=\"110\" style=\"float: left; border: 0pt none; margin-right:5px;\" /><strong>Darwin Lagos Veloso</strong><br />Sales Support und technischer Service<br />Chile<br /></td>\
</tr>\
<tr>\
<td style=\"padding-top: 10px;\"><img src=\"images/stories/cl-rosanna.jpg\" border=\"0\" width=\"90\" height=\"110\" style=\"float: left; border: 0pt none; margin-right:5px;\" /><strong>Rossana Díaz</strong><br />Logistik und Administration<br />Chile<br /></td>\
<td style=\"padding-top: 10px;\">\
<p> </p>\
</td>\
</tr>\
</tbody>\
</table>","1"
"en","pl","home","<div><img src=\"images/stories/frontpage-poland.png\" border=\"0\" alt=\"MedTechTrade\" style=\"border: 0pt none;\" /></div>\
<div class=\"contentheading\" style=\"margin-bottom:10px;\"><br />Welcome</div>\
<p><strong>MedTechTrade</strong> is a global trade association for technology manufacturers, research institutions, allied professional services and development organizations with shared interests in collaborative developing technologies, products and services for the global medical products marketplace.</p>\
<p>Our goal is to enable and accelerate trading of medical devices for companies and institutional organisation.</p>\
<p> </p>\
<h2>Top 3 offers:</h2>\
<table border=\"0\">\
<tbody>\
<tr>\
<td><img src=\"media/pics/235a.jpg\" border=\"0\" alt=\"Freezer\" width=\"73\" height=\"100\" />..</td>\
<td><strong>Manufacturer</strong>: Thermo Scientific<br /><strong>Product name</strong>: Ultra-Low Temperature Upright Freezers<br /><strong>Model</strong>: ULT2586-10-V<br /><a href=\"en/coolers-and-freezers/164/ultra-low-temperature-upright-freezers/236\"><strong>Link...</strong></a></td>\
</tr>\
<tr>\
<td></td>\
<td>.</td>\
</tr>\
<tr>\
<td><img src=\"media/pics/179a.jpg\" border=\"0\" alt=\"Patient Monitor\" width=\"77\" height=\"100\" />..</td>\
<td><strong>Manufacturer</strong>: GE Healthcare<br /><strong>Product name:</strong> Critical Care Monitoring<br /><strong>Model</strong>: Solar 8000/Tram 250sl<br /><a href=\"en/monitoring-devices/159/critical-care-monitoring/179\"><strong>Link...</strong></a></td>\
</tr>\
<tr>\
<td></td>\
<td>.</td>\
</tr>\
<tr>\
<td><img src=\"media/pics/229a.jpg\" border=\"0\" alt=\"Stapedectomie set\" width=\"75\" height=\"100\" style=\"border: 0px none currentColor;\" />..</td>\
<td><strong>Manufacturer</strong>: Karl Storz<br /><strong>Product name</strong>: Surgery Stapedectomie set Karl Storz<br /><a href=\"en/chirurgical-devices/158/surgery-stapedectomie-set-karl-storz/229\"><strong>Link...</strong></a></td>\
</tr>\
<tr>\
<td></td>\
<td><br /><strong> </strong></td>\
</tr>\
</tbody>\
</table>","1"
"en","pl","about","<p><span class=\"contentheading\">About Us</span></p>\
<p>MedTechTrade is a Swiss Company dedicated to the sale of pre-owned and refurbished medical devices of leading brands in the international market.</p>\
<p>MedTechTrade is providing medical devices coming from Switzerland, Germany, Austria and other European countries and is responding to the needs of our clients. We do put special emphasis on our main values which are quality, reliability, precision, flexibility and last but not least cost savings at purchase as well as at maintenance.</p>\
<p>MedTechTrade clients are hospitals, laboratories, and medical investigation companies and it has representations in Switzerland, Poland, Peru and Chile.</p>\
<p><strong>Feel free to get in contact with us now.</strong></p>\
<p><strong><br /></strong></p>\
<h3>Our Team</h3>\
<table border=\"0\">\
<tbody>\
<tr>\
<td style=\"width: 260px; padding-top: 10px;\"><img src=\"images/stories/ch-thomas.jpg\" border=\"0\" width=\"90\" height=\"110\" style=\"float: left; margin-right: 5px; border: 0pt none;\" /><strong>Thomas Zaugg</strong><br />General Manager<br />Switzerland<br /><br /></td>\
<td style=\"width: 260px; padding-top: 10px;\"><img src=\"images/stories/ch-erika.jpg\" border=\"0\" width=\"90\" height=\"110\" style=\"float: left; margin-right: 5px; border: 0pt none;\" /><strong>Erika Günther</strong><br />Backoffice &amp; Customer Support<br />Switzerland<br /></td>\
</tr>\
<tr>\
<td style=\"padding-top: 10px;\"><img src=\"images/stories/ch-margareta.jpg\" border=\"0\" width=\"90\" height=\"110\" style=\"float: left; margin-right: 5px; border: 0pt none;\" /><strong>Margareta Deszynski</strong><br /><span lang=\"EN-GB\">Sales Support</span><br />Switzerland<br /></td>\
<td style=\"padding-top: 10px;\">\
<p> </p>\
</td>\
</tr>\
</tbody>\
</table>\
<p> </p>\
<hr />\
<p> </p>\
<table border=\"0\">\
<tbody>\
<tr>\
<td style=\"width: 260px; padding-top: 10px;\">\
<p><img src=\"images/stories/cl-roland.jpg\" border=\"0\" width=\"90\" height=\"110\" style=\"float: left; border: 0pt none; margin-right:5px;\" /><strong>Roland Suttner</strong><br />General Manager<br />Chile<br /><br /></p>\
</td>\
<td style=\"width: 260px; padding-top: 10px;\"><img src=\"images/stories/cl-darwin.jpg\" border=\"0\" width=\"90\" height=\"110\" style=\"float: left; border: 0pt none; margin-right:5px;\" /><strong>Darwin Lagos Veloso</strong><br />Sales Support and technical Service<br />Chile<br /></td>\
</tr>\
<tr>\
<td style=\"padding-top: 10px;\"><img src=\"images/stories/cl-rosanna.jpg\" border=\"0\" width=\"90\" height=\"110\" style=\"float: left; border: 0pt none; margin-right:5px;\" /><strong>Rossana Díaz</strong><br />Logistics and Administrations<br />Chile<br /></td>\
<td style=\"padding-top: 10px;\">\
<p> </p>\
</td>\
</tr>\
</tbody>\
</table>","1"
"en","us","home","<div><img src=\"images/stories/frontpage-image.jpg\" border=\"0\" alt=\"MedTechTrade\" /></div>\
<div class=\"contentheading\" style=\"margin-bottom:10px;\"><br />Welcome</div>\
<p><strong>MedTechTrade</strong> is a global trade association for technology manufacturers, research institutions, allied professional services and development organizations with shared interests in collaborative developing technologies, products and services for the global medical products marketplace.</p>\
\
<p> </p>\
<hr />\
<p> </p>\
<h2><strong>Top 3 offers::</strong></h2>\
<table border=\"0\">\
<tbody>\
<tr>\
<td><img src=\"media/pics/235a.jpg\" border=\"0\" alt=\"Freezer\" width=\"73\" height=\"100\" /></td>\
<td><strong><span style=\"font-size: 10pt; line-height: 115%; font-family: \">Hersteller: </span></strong><span style=\"font-size: 10pt; line-height: 115%; font-family: \">Thermo Scientific<strong><br /> </strong></span><strong><span style=\"font-size: 10pt; line-height: 115%; font-family: \">Modell: </span></strong><span style=\"font-size: 10pt; line-height: 115%; font-family: \">ULT2586-10-V</span><strong><span style=\"font-size: 10pt; line-height: 115%; font-family: \"><br /> </span></strong><strong><span style=\"font-size: 10pt; line-height: 115%; font-family: \">Beschreibung:</span></strong><span style=\"font-size: 10pt; line-height: 115%; font-family: \"> Ultra-Low Temperature Upright Freezers, Volumen 691l, Temperature range: from -50°C until -86°C<br /><a href=\"en/coolers-and-freezers/164/ultra-low-temperature-upright-freezers/236\">Link...</a></span></td>\
</tr>\
<tr>\
<td></td>\
<td>.</td>\
</tr>\
<tr>\
<td><img src=\"media/pics/179a.jpg\" border=\"0\" alt=\"Solar 8000\" width=\"77\" height=\"100\" /></td>\
<td><strong><span style=\"font-size: 10pt; line-height: 115%; font-family: \">Hersteller: Marquette</span></strong><span style=\"font-size: 10pt; line-height: 115%; font-family: \"><strong><br /> </strong></span><strong><span style=\"font-size: 10pt; line-height: 115%; font-family: \">Modell: </span></strong><span style=\"font-size: 10pt; line-height: 115%; font-family: \">Solar 8000/Tram 250sl</span><strong><span style=\"font-size: 10pt; line-height: 115%; font-family: \"><br /> </span></strong><strong><span style=\"font-size: 10pt; line-height: 115%; font-family: \">Beschreibung:</span></strong><span style=\"font-size: 10pt; line-height: 115%; font-family: \"> Patient Monitors<br /><a href=\"en/monitoring-devices/159/critical-care-monitoring/179\">Link...</a></span></td>\
</tr>\
<tr>\
<td></td>\
<td>.</td>\
</tr>\
<tr>\
<td><img src=\"media/pics/229a.jpg\" border=\"0\" alt=\"Stapedektomie Set\" width=\"75\" height=\"100\" style=\"border: 0px none currentColor;\" /></td>\
<td><strong><span style=\"font-size: 10pt; line-height: 115%; font-family: \">Hersteller: </span></strong><span style=\"font-size: 10pt; line-height: 115%; font-family: \">Karl Storz</span><strong><span style=\"font-size: 10pt; line-height: 115%; font-family: \"><br /> </span></strong><strong><span style=\"font-size: 10pt; line-height: 115%; font-family: \">Beschreibung:</span></strong><span style=\"font-size: 10pt; line-height: 115%; font-family: \"> Chirurgie Stapedektomie Set</span> <br /><a href=\"en/chirurgical-devices/158/surgery-stapedectomie-set-karl-storz/229\"><span style=\"font-size: 10pt; line-height: 115%; font-family: \">Link...</span></a></td>\
</tr>\
<tr>\
<td></td>\
<td><strong><span style=\"font-size: 10pt; line-height: 115%; font-family: \"><br /></span></strong></td>\
</tr>\
</tbody>\
</table>","0"
"de","us","home","<div><img src=\"images/stories/frontpage-image.jpg\" border=\"0\" alt=\"MedTechTrade\" /></div>\
<div class=\"contentheading\" style=\"margin-bottom:10px;\"><br />Willkommen</div>\
<p><strong>MedTechTrade</strong> ist eine weltweite Handelsorganisation von medizinischen Geräten für Firmen und Organisationen. Unser Ziel ist es den Handel von medizinischen Geräten zu ermöglichen und zu beschleunigen.</p>\
<p><strong>Bitte wählen Sie Ihr Interessengebiet:</strong></p>\
<p><a href=\"index.php?option=com_content&amp;view=article&amp;id=68&amp;Itemid=56&amp;lang=de\"><img src=\"images/stories/bot1.png\" border=\"0\" alt=\"Medizintechnik verkaufen\" width=\"251\" height=\"102\" /></a><a href=\"index.php?option=com_adsmanager&amp;page=front&amp;Itemid=170&amp;lang=de\"><img src=\"images/stories/bot2.png\" border=\"0\" alt=\"Medizintechnik verkaufen\" width=\"251\" height=\"102\" style=\"border: 0pt none; margin-left:18px;\" /></a></p>\
<p> </p>\
<p> </p>\
<hr />\
<p> </p>\
<h2><strong>Die aktuellen 3 Top-Angebote:</strong></h2>\
<table border=\"0\">\
<tbody>\
<tr>\
<td><img src=\"media/pics/235a.jpg\" border=\"0\" alt=\"Freezer\" width=\"73\" height=\"100\" /></td>\
<td><strong><span style=\"font-size: 10pt; line-height: 115%; font-family: \">Hersteller: </span></strong><span style=\"font-size: 10pt; line-height: 115%; font-family: \">Thermo Scientific<strong><br /> </strong></span><strong><span style=\"font-size: 10pt; line-height: 115%; font-family: \">Modell: </span></strong><span style=\"font-size: 10pt; line-height: 115%; font-family: \">ULT2586-10-V</span><strong><span style=\"font-size: 10pt; line-height: 115%; font-family: \"><br /> </span></strong><strong><span style=\"font-size: 10pt; line-height: 115%; font-family: \">Beschreibung:</span></strong><span style=\"font-size: 10pt; line-height: 115%; font-family: \"> Ultra-Low Temperature Upright Freezers, Volumen 691l, Temperature range: from -50°C until -86°C<br /><a href=\"en/coolers-and-freezers/164/ultra-low-temperature-upright-freezers/236\">Link...</a></span></td>\
</tr>\
<tr>\
<td></td>\
<td>.</td>\
</tr>\
<tr>\
<td><img src=\"media/pics/179a.jpg\" border=\"0\" alt=\"Solar 8000\" width=\"77\" height=\"100\" /></td>\
<td><strong><span style=\"font-size: 10pt; line-height: 115%; font-family: \">Hersteller: Marquette</span></strong><span style=\"font-size: 10pt; line-height: 115%; font-family: \"><strong><br /> </strong></span><strong><span style=\"font-size: 10pt; line-height: 115%; font-family: \">Modell: </span></strong><span style=\"font-size: 10pt; line-height: 115%; font-family: \">Solar 8000/Tram 250sl</span><strong><span style=\"font-size: 10pt; line-height: 115%; font-family: \"><br /> </span></strong><strong><span style=\"font-size: 10pt; line-height: 115%; font-family: \">Beschreibung:</span></strong><span style=\"font-size: 10pt; line-height: 115%; font-family: \"> Patient Monitors<br /><a href=\"en/monitoring-devices/159/critical-care-monitoring/179\">Link...</a></span></td>\
</tr>\
<tr>\
<td></td>\
<td>.</td>\
</tr>\
<tr>\
<td><img src=\"media/pics/229a.jpg\" border=\"0\" alt=\"Stapedektomie Set\" width=\"75\" height=\"100\" style=\"border: 0px none currentColor;\" /></td>\
<td><strong><span style=\"font-size: 10pt; line-height: 115%; font-family: \">Hersteller: </span></strong><span style=\"font-size: 10pt; line-height: 115%; font-family: \">Karl Storz</span><strong><span style=\"font-size: 10pt; line-height: 115%; font-family: \"><br /> </span></strong><strong><span style=\"font-size: 10pt; line-height: 115%; font-family: \">Beschreibung:</span></strong><span style=\"font-size: 10pt; line-height: 115%; font-family: \"> Chirurgie Stapedektomie Set</span> <br /><a href=\"en/chirurgical-devices/158/surgery-stapedectomie-set-karl-storz/229\"><span style=\"font-size: 10pt; line-height: 115%; font-family: \">Link...</span></a></td>\
</tr>\
<tr>\
<td></td>\
<td><strong><span style=\"font-size: 10pt; line-height: 115%; font-family: \"><br /></span></strong></td>\
</tr>\
</tbody>\
</table>","0"
"es","us","home","<div><img src=\"images/stories/frontpage-image.jpg\" border=\"0\" alt=\"MedTechTrade\" style=\"border: 0pt none;\" /></div>\
<div class=\"contentheading\" style=\"margin-bottom:10px;\"><br />Bienvenido a MedTechTrade</div>\
<p>MedTechTrade es su especialista suizo en la compra y venta a nivel mundial de equipamiento médico usado y reacondicionado.</p>\
<p> </p>\
<h3>Equipos medicos suizos a su alcanze</h3>\
<p><strong><img src=\"images/stories/flag_CH.png\" border=\"0\" alt=\"flag ch\" style=\"border: 0pt none;\" /> MedTechTrade</strong> es una empresa suiza, dedicada a la venta de de equipamento medico reacondicionado de marcas líderes en el mercado mundial.</p>\
<p><strong><img src=\"images/stories/flag_CH.png\" border=\"0\" alt=\"flag ch\" style=\"border: 0pt none;\" /> </strong><strong>MedTechTrade</strong> contribuye con equipamiento médico proveniente de Suiza, Alemania y Austria que responde a las exigencias de nuestros clientes, aplicando especial cuidado para que distintos parámetros como calidad, confiabilidad, precisión, flexibilidad y ahorro en costos de mantención, se cumplan.</p>\
<p> </p>\
<h2><strong>Nuestras top-3 ofertas destacadas: </strong></h2>\
<p> </p>\
<table border=\"0\">\
<tbody>\
<tr>\
<td><img src=\"media/pics/287a.jpg\" border=\"0\" alt=\"Microscopio Zeiss\" width=\"76\" height=\"100\" />..</td>\
<td><strong>Fabricante</strong>: Zeiss<br /><strong>Modelo</strong>: Standard 14<br /><strong>Descripción</strong>: Microscopio Zeiss<br /><a href=\"es/microscopios/156/microscop/287\">Link...</a></td>\
</tr>\
<tr>\
<td></td>\
<td>.</td>\
</tr>\
<tr>\
<td><img src=\"media/pics/179a.jpg\" border=\"0\" alt=\"Monitor de pacientes\" width=\"77\" height=\"100\" />..</td>\
<td><strong>Fabricante</strong>: Marquette<br /><strong>Modelo</strong>: Solar 8000/Tram250sl <br /><strong>Descripción</strong>: Equipo de monitoreo de pacientes<br /><a href=\"es/equipos-de-monitoreo/159/critical-care-monitoring/179\">Link...</a></td>\
</tr>\
<tr>\
<td></td>\
<td>.</td>\
</tr>\
<tr>\
<td><img src=\"media/pics/228c.jpg\" border=\"0\" alt=\"Set cirugia de oido\" width=\"53\" height=\"100\" />..</td>\
<td><strong>Fabricante</strong>: Karl Storz<br /><strong>Descripción</strong>: Instrumetal Quirúrgico para cirugía de oido<br /><a href=\"es/instrumental-quirurgico/158/ear-surgery-set/228\">Link...</a></td>\
</tr>\
<tr>\
<td></td>\
<td><br /><strong> </strong></td>\
</tr>\
</tbody>\
</table>","0"
